---
title: SQL
---

import CodePreview from '../../../../components/CodePreview.astro';

# { frontmatter.title }

**DICAS:**

- Structured Query Language (SQL:2023 ou ISO/IEC 9075:2023)
- Os comandos não são *case sensitive*
- Os nomes são *case sensitive*
- Não esqueça do `;` nos comandos
- Em caso de erro tente interpretar a mensagem de erro

## Sintaxe

- Data Definition Language (DDL): `DATABASE`, `TABLE`, `CONSTRAINTS`, `VIEW`, `INDEX`
  - `CREATE`
  - `DELETE` (`DROP`)
  - `UPDATE`
  - `RENAME`
- Data Manipulation Language (DML)
  - `INSERT`
  - `UPDATE`
  - `DELETE`
- Data Query Language (DQL):
  - `SELECT`
    - FROM (JOIN, INNER JOIN, LEFT JOIN, RIGHT JOIN, FULL OUTER JOIN, CROSS JOIN)
    - WHERE
    - GROUP BY
    - HAVING
    - ORDER BY (ASC, DESC)
- Data Control Language (DCL):
  - `GRANT`
  - `REVOKE`
- Transaction Control Language (TCL):
  - `START` (`BEGIN`)
  - `TRANSACTION`
  - `COMMIT`
  - `ROLLBACK`
- Operators
  - Comparison: `>`, `>=`, `<`, `<=`,`=` ,`!=` , `<>`
  - Logical: `AND`, `OR`, `NOT`
  - `IN`, `BETWEEN`, `LIKE`, `REGEXP`, `IS NULL`, `CASE`
- Functions
  - Aggregate: `MAX`, `MIN`, `AVG`, `SUM`, `COUNT`
  - Numeric: `ROUND`, `CEILING`, `CEIL`, `FLOOR`, `ABS`, `RAND`
  - String: `LENGTH`, `UPPER`, `LOWER`, `LTRIM`, `RTRIM`, `TRIM`, `LEFT`, `RIGHT`, `SUBSTRING`, `LOCATE`, `REPLACE`, `CONCAT`, `CONCAT`,
  - Dates and Time: `NOW`, `CURDATE`, `CURTIME`, `YEAR`, `MONTH`, `DAY`, `HOUR`, `MINUTE`, `SECOND`, `DAYNAME`, `MONTHNAME`, `EXTRACT`, `DATE_FORMAT`, `TIME_FORMAT`, `DATE_ADD`, `DATE_SUB`, `DATEDIFF`, `TIME_TO_SEC`
  - `IF`, `IFNULL`, `COALESCE`
- Stored Procedures
- Triggers
- Views
- Indice

## Dataset

| name               | address      | transmitted | received | time                |
| ------------------ | ------------ | ----------- | -------- | ------------------- |
| portal.ifrn.edu.br | 10.0.0.100   | 4           | 4        | 2023-02-16 13:41:49 |
| portal.ifrn.edu.br | 10.0.0.100   | 8           | 4        | 2023-02-16 13:41:49 |
| portal.ifrn.edu.br | 10.0.0.100   | 4           | 3        | 2023-02-16 13:41:49 |
| ...                | ...          | ...         | ...      | ...                 |
| www.ifpb.edu.br    | 200.10.10.12 | 5           | 5        | 2023-02-18 13:41:49 |

**Questões**

1. Quantos pacotes foram recebidos?
2. Qual é a média de pacotes perdidos?
3. Qual é a porcentagem de pacotes recebidos do IFPB?
4. Qual é a porcentagem de pacotes perdidos do IFPB no dia 16/02/2023 entre 09:00 até 18:00?

## DDL

### Database

```bash
mysql> SHOW DATABASES;
+--------------------+
| Database           |
+--------------------+
| information_schema |
| mysql              |
| performance_schema |
+--------------------+
3 rows in set (0.00 sec)
```

```bash
mysql> CREATE DATABASE monitor_db;
Query OK, 1 row affected (0.00 sec)

mysql> SHOW DATABASES;
+--------------------+
| Database           |
+--------------------+
| information_schema |
| monitor_db         |
| mysql              |
| performance_schema |
+--------------------+
4 rows in set (0.00 sec)
```

```bash
mysql> DROP DATABASE monitor_db;
Query OK, 0 rows affected (0.00 sec)

mysql> SHOW DATABASES;
+--------------------+
| Database           |
+--------------------+
| information_schema |
| mysql              |
| performance_schema |
+--------------------+
3 rows in set (0.00 sec)
```

### Table

```bash
mysql> USE monitor_db;
Database changed

mysql> SELECT DATABASE();
+------------+
| DATABASE() |
+------------+
| monitor_db |
+------------+
1 row in set (0.00 sec)
```

```bash
mysql> SHOW TABLES;
Empty set (0.00 sec)
```

```bash
mysql> CREATE TABLE host (
    ->   id int NOT NULL PRIMARY KEY AUTO_INCREMENT,
    ->   name varchar(100) NOT NULL,
    ->   address varchar(100) NOT NULL
    -> );
Query OK, 0 rows affected (0.00 sec)

mysql> SHOW TABLES;
+----------------------+
| Tables_in_monitor_db |
+----------------------+
| host                 |
+----------------------+
1 row in set (0.00 sec)
```

![erd diagram](/imgs/database/monitor-db-hosts.png)

```bash
mysql> DESCRIBE host;
+---------+--------------+------+-----+---------+----------------+
| Field   | Type         | Null | Key | Default | Extra          |
+---------+--------------+------+-----+---------+----------------+
| id      | int          | NO   | PRI | NULL    | auto_increment |
| name    | varchar(100) | NO   |     | NULL    |                |
| address | varchar(100) | NO   |     | NULL    |                |
+---------+--------------+------+-----+---------+----------------+
3 rows in set (0.00 sec)
```

```bash
mysql> DROP TABLE host;
Query OK, 0 rows affected (0.00 sec)

mysql> SHOW TABLES;
+----------------------+
| Tables_in_monitor_db |
+----------------------+
| host                 |
+----------------------+
1 row in set (0.01 sec)
```

```bash
mysql> RENAME TABLE host TO hosts;
Query OK, 0 rows affected (0.00 sec)

mysql> SHOW TABLES;
+----------------------+
| Tables_in_monitor_db |
+----------------------+
| hosts                |
+----------------------+
1 row in set (0.01 sec)
```

```bash
mysql> DESCRIBE hosts;
+---------+--------------+------+-----+---------+----------------+
| Field   | Type         | Null | Key | Default | Extra          |
+---------+--------------+------+-----+---------+----------------+
| id      | int          | NO   | PRI | NULL    | auto_increment |
| name    | varchar(100) | NO   |     | NULL    |                |
| address | varchar(100) | NO   |     | NULL    |                |
+---------+--------------+------+-----+---------+----------------+

mysql> ALTER TABLE hosts ADD COLUMN mask varchar(100);
Query OK, 0 rows affected (0.01 sec)
Records: 0  Duplicates: 0  Warnings: 0

mysql> DESCRIBE hosts;
+---------+--------------+------+-----+---------+----------------+
| Field   | Type         | Null | Key | Default | Extra          |
+---------+--------------+------+-----+---------+----------------+
| id      | int          | NO   | PRI | NULL    | auto_increment |
| name    | varchar(100) | NO   |     | NULL    |                |
| address | varchar(100) | NO   |     | NULL    |                |
| mask    | varchar(100) | YES  |     | NULL    |                |
+---------+--------------+------+-----+---------+----------------+
4 rows in set (0.00 sec)
```

```bash
mysql> ALTER TABLE hosts DROP COLUMN mask;
Query OK, 0 rows affected (0.01 sec)
Records: 0  Duplicates: 0  Warnings: 0

mysql> DESCRIBE hosts;
+---------+--------------+------+-----+---------+----------------+
| Field   | Type         | Null | Key | Default | Extra          |
+---------+--------------+------+-----+---------+----------------+
| id      | int          | NO   | PRI | NULL    | auto_increment |
| name    | varchar(100) | NO   |     | NULL    |                |
| address | varchar(100) | NO   |     | NULL    |                |
+---------+--------------+------+-----+---------+----------------+
3 rows in set (0.00 sec)
```

## DML & DQL

### INSERT

```bash
mysql> INSERT INTO hosts
    -> VALUES (1, 'www.ifpb.edu.br', '200.10.10.10');
Query OK, 1 row affected (0.01 sec)
```

```bash
mysql> INSERT INTO hosts
    ->   (name, address)
    -> VALUES
    ->   ('www.ifrn.edu.br', '200.10.10.11'),
    ->   ('www.ifpb.edu.br', '200.10.10.12');
Query OK, 2 rows affected (0.01 sec)
Records: 2  Duplicates: 0  Warnings: 0
```

### SELECT

```bash
mysql> SELECT * FROM hosts;
+----+-----------------+--------------+
| id | name            | address      |
+----+-----------------+--------------+
|  1 | www.ifpb.edu.br | 200.10.10.10 |
|  2 | www.ifrn.edu.br | 200.10.10.11 |
|  3 | www.ifpb.edu.br | 200.10.10.12 |
+----+-----------------+--------------+
3 rows in set (0.00 sec)
```

```bash
mysql> SELECT name, address FROM hosts;
+-----------------+--------------+
| name            | address      |
+-----------------+--------------+
| www.ifpb.edu.br | 200.10.10.10 |
| www.ifrn.edu.br | 200.10.10.11 |
| www.ifpb.edu.br | 200.10.10.12 |
+-----------------+--------------+
3 rows in set (0.00 sec)
```

```bash
mysql> SELECT name, address FROM hosts
    -> ORDER BY name;
+-----------------+--------------+
| name            | address      |
+-----------------+--------------+
| www.ifpb.edu.br | 200.10.10.10 |
| www.ifpb.edu.br | 200.10.10.12 |
| www.ifrn.edu.br | 200.10.10.11 |
+-----------------+--------------+
3 rows in set (0.01 sec)
```

```bash
mysql> SELECT name, address FROM hosts
    -> WHERE id = 1;
+-----------------+--------------+
| name            | address      |
+-----------------+--------------+
| www.ifpb.edu.br | 200.10.10.10 |
+-----------------+--------------+
1 row in set (0.00 sec)
```

```bash
mysql> SELECT name, address FROM hosts
    -> WHERE name LIKE '%ifpb%' AND address LIKE '200.%.%.%';
+-----------------+--------------+
| name            | address      |
+-----------------+--------------+
| www.ifpb.edu.br | 200.10.10.10 |
| www.ifpb.edu.br | 200.10.10.12 |
+-----------------+--------------+
2 rows in set (0.00 sec)
```

```bash
mysql> SELECT * FROM hosts
    -> LIMIT 2;
+----+-----------------+--------------+
| id | name            | address      |
+----+-----------------+--------------+
|  1 | www.ifpb.edu.br | 200.10.10.10 |
|  2 | www.ifrn.edu.br | 200.10.10.11 |
+----+-----------------+--------------+
2 rows in set (0.00 sec)
```

```bash
mysql> SELECT * FROM hosts
    -> LIMIT 2
    -> OFFSET 1;
+----+-----------------+--------------+
| id | name            | address      |
+----+-----------------+--------------+
|  2 | www.ifrn.edu.br | 200.10.10.11 |
|  3 | www.ifpb.edu.br | 200.10.10.12 |
+----+-----------------+--------------+
2 rows in set (0.00 sec)
```

```bash
mysql> SELECT COUNT(*) AS total FROM hosts;
+-------+
| total |
+-------+
|     3 |
+-------+
1 row in set (0.00 sec)
```

### UPDATE

```bash
mysql> UPDATE hosts
    -> SET address = '10.0.0.10'
    -> WHERE id = 2;
Query OK, 1 row affected (0.01 sec)
Rows matched: 1  Changed: 1  Warnings: 0

mysql> SELECT * FROM hosts
    WHERE id = 2;
+----+-----------------+-----------+
| id | name            | address   |
+----+-----------------+-----------+
|  2 | www.ifrn.edu.br | 10.0.0.10 |
+----+-----------------+-----------+
1 row in set (0.00 sec)
```

```bash
mysql> UPDATE hosts
    -> SET name = 'portal.ifrn.edu.br', address = '10.0.0.100'
    -> WHERE id = 2;
Query OK, 1 row affected (0.01 sec)
Rows matched: 1  Changed: 1  Warnings: 0

mysql> SELECT * FROM hosts
    -> WHERE id = 2;
+----+--------------------+------------+
| id | name               | address    |
+----+--------------------+------------+
|  2 | portal.ifrn.edu.br | 10.0.0.100 |
+----+--------------------+------------+
```

### DELETE

```bash
mysql> SELECT * FROM hosts;
+----+-----------------+--------------+
| id | name            | address      |
+----+-----------------+--------------+
|  1 | www.ifpb.edu.br | 200.10.10.10 |
+----+-----------------+--------------+

mysql> DELETE FROM hosts
    -> WHERE id = 1;
Query OK, 1 row affected (0.01 sec)

mysql> SELECT * FROM hosts
    -> WHERE id = 1;
Empty set (0.00 sec)
```

**DICA:** Muito cuidado com o `DELETE` e `UPDATE` sem o `WHERE`!

## Database Relationships

###  1:N

![erd diagram](/imgs/database/monitor-db-host-pings.png)

```bash
mysql> CREATE TABLE pings (
    ->   id int NOT NULL PRIMARY KEY AUTO_INCREMENT,
    ->   transmitted int NOT NULL,
    ->   received int NOT NULL,
    ->   createAt datetime NOT NULL,
    ->   host_id int NOT NULL REFERENCES hosts (id)
    -> );
Query OK, 0 rows affected (0.02 sec)
```

```bash
mysql> DESCRIBE pings;
+-------------+----------+------+-----+---------+----------------+
| Field       | Type     | Null | Key | Default | Extra          |
+-------------+----------+------+-----+---------+----------------+
| id          | int      | NO   | PRI | NULL    | auto_increment |
| transmitted | int      | NO   |     | NULL    |                |
| received    | int      | NO   |     | NULL    |                |
| createAt    | datetime | NO   |     | NULL    |                |
| host_id     | int      | NO   |     | NULL    |                |
+-------------+----------+------+-----+---------+----------------+
5 rows in set (0.00 sec)
```

```bash
mysql> INSERT INTO pings
    ->   (transmitted, received, createAt, host_id)
    -> VALUES
    ->   (4, 4, NOW(), 2),
    ->   (8, 4, NOW(), 2),
    ->   (7, 4, NOW(), 3),
    ->   (5, 5, NOW(), 3),
    ->   (4, 3, NOW(), 2);
Query OK, 5 rows affected (0.01 sec)
Records: 5  Duplicates: 0  Warnings: 0

mysql> SELECT * FROM pings;
+----+-------------+----------+---------------------+---------+
| id | transmitted | received | createAt            | host_id |
+----+-------------+----------+---------------------+---------+
|  1 |           4 |        4 | 2023-02-16 13:41:49 |       2 |
|  2 |           8 |        4 | 2023-02-16 13:41:49 |       2 |
|  3 |           7 |        4 | 2023-02-16 13:41:49 |       3 |
|  4 |           5 |        5 | 2023-02-16 13:41:49 |       3 |
|  5 |           4 |        3 | 2023-02-16 13:41:49 |       2 |
+----+-------------+----------+---------------------+---------+
5 rows in set (0.00 sec)
```

```bash
mysql> SELECT
    ->   *
    -> FROM
    ->   hosts INNER JOIN pings;
+----+--------------------+--------------+----+-------------+----------+---------------------+---------+
| id | name               | address      | id | transmitted | received | createAt            | host_id |
+----+--------------------+--------------+----+-------------+----------+---------------------+---------+
|  2 | portal.ifrn.edu.br | 10.0.0.100   |  1 |           4 |        4 | 2023-02-16 13:41:49 |       2 |
|  3 | www.ifpb.edu.br    | 200.10.10.12 |  1 |           4 |        4 | 2023-02-16 13:41:49 |       2 |
|  2 | portal.ifrn.edu.br | 10.0.0.100   |  2 |           8 |        4 | 2023-02-16 13:41:49 |       2 |
|  3 | www.ifpb.edu.br    | 200.10.10.12 |  2 |           8 |        4 | 2023-02-16 13:41:49 |       2 |
|  2 | portal.ifrn.edu.br | 10.0.0.100   |  3 |           7 |        4 | 2023-02-16 13:41:49 |       3 |
|  3 | www.ifpb.edu.br    | 200.10.10.12 |  3 |           7 |        4 | 2023-02-16 13:41:49 |       3 |
|  2 | portal.ifrn.edu.br | 10.0.0.100   |  4 |           5 |        5 | 2023-02-16 13:41:49 |       3 |
|  3 | www.ifpb.edu.br    | 200.10.10.12 |  4 |           5 |        5 | 2023-02-16 13:41:49 |       3 |
|  2 | portal.ifrn.edu.br | 10.0.0.100   |  5 |           4 |        3 | 2023-02-16 13:41:49 |       2 |
|  3 | www.ifpb.edu.br    | 200.10.10.12 |  5 |           4 |        3 | 2023-02-16 13:41:49 |       2 |
+----+--------------------+--------------+----+-------------+----------+---------------------+---------+
10 rows in set (0.00 sec)
```

```bash
mysql> SELECT
    ->   *
    -> FROM
    ->   hosts h
    -> INNER JOIN
    ->   pings p ON h.id = p.host_id;
+----+--------------------+--------------+----+-------------+----------+---------------------+---------+
| id | name               | address      | id | transmitted | received | createAt            | host_id |
+----+--------------------+--------------+----+-------------+----------+---------------------+---------+
|  2 | portal.ifrn.edu.br | 10.0.0.100   |  1 |           4 |        4 | 2023-02-16 13:41:49 |       2 |
|  2 | portal.ifrn.edu.br | 10.0.0.100   |  2 |           8 |        4 | 2023-02-16 13:41:49 |       2 |
|  2 | portal.ifrn.edu.br | 10.0.0.100   |  5 |           4 |        3 | 2023-02-16 13:41:49 |       2 |
|  3 | www.ifpb.edu.br    | 200.10.10.12 |  3 |           7 |        4 | 2023-02-16 13:41:49 |       3 |
|  3 | www.ifpb.edu.br    | 200.10.10.12 |  4 |           5 |        5 | 2023-02-16 13:41:49 |       3 |
+----+--------------------+--------------+----+-------------+----------+---------------------+---------+
5 rows in set (0.00 sec)
```

Quantos pacotes foram recebidos? **20**

```bash
mysql> SELECT
    ->   sum(p.transmitted) AS transmitted,
    ->   sum(p.received) AS received,
    ->   sum(p.transmitted - p.received) AS losted
    -> FROM
    ->   hosts h
    -> INNER JOIN
    ->   pings p ON h.id = p.host_id;
+-------------+----------+--------+
| transmitted | received | losted |
+-------------+----------+--------+
|          28 |       20 |      8 |
+-------------+----------+--------+
1 row in set (0.00 sec)
```

Qual é a média de pacotes perdidos? **1,6**

```bash
mysql> SELECT
    ->   avg(p.transmitted) AS transmited,
    ->   avg(p.received) AS received,
    ->   avg(p.transmitted - p.received) AS losted
    -> FROM
    ->   hosts h
    -> INNER JOIN
    ->   pings p ON h.id = p.host_id;
+------------+----------+--------+
| transmited | received | losted |
+------------+----------+--------+
|     5.6000 |   4.0000 | 1.6000 |
+------------+----------+--------+
1 row in set (0.00 sec)
```

Qual é a porcentagem de pacotes recebidos do IFPB? **75%**

```bash
mysql> SELECT
    ->   sum(p.transmitted) AS transmitted,
    ->   sum(p.received) AS received,
    ->   round(sum(p.received)/sum(p.transmitted), 3) AS losted
    -> FROM
    ->   hosts h
    -> INNER JOIN
    ->   pings p ON h.id = p.host_id
    -> WHERE
    ->   h.name LIKE '%ifpb%';
+-------------+----------+--------+
| transmitted | received | losted |
+-------------+----------+--------+
|          12 |        9 |  0.750 |
+-------------+----------+--------+
1 row in set (0.00 sec)
```

Qual é a porcentagem de pacotes perdidos do IFPB no dia 16/02/2023 entre 09:00 até 18:00? **25%**

```bash
mysql> SELECT
    ->   1 - round(sum(p.received)/sum(p.transmitted), 3) AS losted
    -> FROM
    ->   hosts h
    -> INNER JOIN
    ->   pings p ON h.id = p.host_id
    -> WHERE
    ->   h.name LIKE '%ifpb%' AND
    ->   p.createAt BETWEEN '2023-01-01 12:00:00' AND '2023-03-31 21:00:00';
+--------+
| losted |
+--------+
|  0.250 |
+--------+
1 row in set (0.00 sec)
```

```sql
p.createAt > '2023-01-01 12:00:00' AND p.createAt < '2023-03-31 21:00:00'
```

###  1:1

![erd diagram](/imgs/database/monitor-db-ping-stats.png)

```bash
mysql> ALTER TABLE pings DROP COLUMN transmitted;
Query OK, 0 rows affected (0.16 sec)
Records: 0  Duplicates: 0  Warnings: 0

mysql> ALTER TABLE pings DROP COLUMN received;
Query OK, 0 rows affected (0.16 sec)
Records: 0  Duplicates: 0  Warnings: 0

mysql> ALTER TABLE pings ADD COLUMN stat_id int NOT NULL REFERENCES stats (id);
Query OK, 0 rows affected (0.16 sec)
Records: 0  Duplicates: 0  Warnings: 0

mysql> DESCRIBE pings;
+----------+----------+------+-----+---------+----------------+
| Field    | Type     | Null | Key | Default | Extra          |
+----------+----------+------+-----+---------+----------------+
| id       | int      | NO   | PRI | NULL    | auto_increment |
| createAt | datetime | NO   |     | NULL    |                |
| host_id  | int      | NO   |     | NULL    |                |
+----------+----------+------+-----+---------+----------------+
3 rows in set (0.00 sec)
```

```bash
mysql> CREATE TABLE icmps (
    ->   id int NOT NULL PRIMARY KEY AUTO_INCREMENT,
    ->   bytes int NOT NULL,
    ->   ttl int NOT NULL,
    ->   time float NOT NULL,
    ->   ping_id int NOT NULL REFERENCES pings (id)
    -> );
Query OK, 0 rows affected (0.02 sec)
```

```bash
mysql> INSERT INTO
    ->   icmps
    -> VALUES
    ->   (1, 56, 54, 74.7, 2),
    ->   (2, 56, 54, 74.0, 2),
    ->   (3, 56, 54, 72.5, 2),
    ->   (4, 56, 54, 43.5, 3),
    ->   (5, 56, 54, 44.6, 3);
Query OK, 5 rows affected (0.01 sec)
Records: 5  Duplicates: 0  Warnings: 0
mysql>
```

```bash
mysql> CREATE TABLE stats (
    ->   id int NOT NULL PRIMARY KEY AUTO_INCREMENT,
    ->   transmitted int NOT NULL,
    ->   received int NOT NULL,
    ->   time float NOT NULL;
    -> );
Query OK, 0 rows affected (0.02 sec)
```

```bash
mysql> INSERT INTO
    ->   stats (transmitted, received, time)
    -> VALUES
    ->   (4, 4, 221.2),
    ->   (7, 4, 88.1);
Query OK, 2 rows affected (0.02 sec)
Records: 2  Duplicates: 0  Warnings: 0
```

```bash
mysql> INSERT INTO
    ->   stats (transmitted, received, time)
    -> VALUES
    ->   (4, 4, 221.2),
    ->   (7, 4, 88.1);
Query OK, 2 rows affected (0.02 sec)
Records: 2  Duplicates: 0  Warnings: 0
```

```bash
mysql> SELECT
    ->   *
    -> FROM
    ->   hosts h
    -> INNER JOIN
    ->   pings p ON h.id = p.host_id
    -> INNER JOIN
    ->   stats s ON s.id = p.stat_id;
+----+-----------------+--------------+----+---------------------+---------+---------+----+-------------+----------+-------+
| id | name            | address      | id | createAt            | host_id | stat_id | id | transmitted | received | time  |
+----+-----------------+--------------+----+---------------------+---------+---------+----+-------------+----------+-------+
|  2 | www.ifrn.edu.br | 200.10.10.11 |  2 | 2024-02-28 02:50:55 |       2 |       1 |  1 |           4 |        4 | 221.2 |
|  3 | www.ifpb.edu.br | 200.10.10.12 |  3 | 2024-02-28 02:50:55 |       3 |       2 |  2 |           7 |        4 |  88.1 |
+----+-----------------+--------------+----+---------------------+---------+---------+----+-------------+----------+-------+
2 rows in set (0.00 sec)
```

###  N:M

![erd diagram](/imgs/database/monitor-db-hosts-admins-physical.png)

```bash
mysql> CREATE TABLE admins (
    ->   id int NOT NULL PRIMARY KEY AUTO_INCREMENT,
    ->   name varchar(50) NOT NULL,
    ->   email varchar(100) NOT NULL
    -> );
Query OK, 0 rows affected (0.02 sec)
```

```bash
mysql> CREATE TABLE admins_hosts (
    ->   id int NOT NULL PRIMARY KEY AUTO_INCREMENT,
    ->   admin_id int NOT NULL REFERENCES admins (id),
    ->   host_id int NOT NULL REFERENCES hosts (id)
    -> );
Query OK, 0 rows affected (0.02 sec)
```

```bash
mysql> INSERT INTO
    ->   admins (name, email)
    -> VALUES
    ->   ('Alice', 'alice@email.com'),
    ->   ('Bob', 'bob@email.com'),
    ->   ('Charlie', 'charlie@email.com');
Query OK, 3 rows affected (0.02 sec)
Records: 3  Duplicates: 0  Warnings: 0
```

```bash
mysql> INSERT INTO
    ->   admins_hosts (admin_id, host_id)
    -> VALUES
    ->   (1, 2),
    ->   (2, 2),
    ->   (2, 3),
    ->   (3, 3);
Query OK, 4 rows affected (0.02 sec)
Records: 4  Duplicates: 0  Warnings: 0
```

```bash
mysql> SELECT
    ->   a.name,
    ->   h.name,
    ->   h.address
    -> FROM
    ->   hosts h
    -> INNER JOIN
    ->   admins_hosts ah ON h.id = ah.host_id
    -> INNER JOIN
    ->   admins a ON a.id = ah.admin_id;
+---------+-----------------+--------------+
| name    | name            | address      |
+---------+-----------------+--------------+
| Alice   | www.ifrn.edu.br | 200.10.10.11 |
| Bob     | www.ifrn.edu.br | 200.10.10.11 |
| Bob     | www.ifpb.edu.br | 200.10.10.12 |
| Charlie | www.ifpb.edu.br | 200.10.10.12 |
+---------+-----------------+--------------+
4 rows in set (0.00 sec)
```

## Backup

```bash
$ docker compose exec mysql mysqldump -u root -p monitor_db > database.sql
```

<CodePreview src = "/codes/database/mysql-server/database.sql" />

## Referências

- [SQL Roadmap](https://roadmap.sh/sql)
- [SQL Complete Guide](https://github.com/vasudeveloper001/completesql/blob/main/sql_notes.md)
- [enochtangg/quick-SQL-cheatsheet](https://github.com/enochtangg/quick-SQL-cheatsheet)
- SQL Tutorial: [W3Schools](https://www.w3schools.com/sql/default.asp) e [TutorialsPoint](https://www.tutorialspoint.com/sql/index.htm)
- SQL cheat sheet: [Websitesetup](https://websitesetup.org/sql-cheat-sheet/), [ZeroTurnaround](https://zeroturnaround.com/rebellabs/sql-cheat-sheet/), [cse.unl.edu](http://cse.unl.edu/~sscott/ShowFiles/SQL/CheatSheet/SQLCheatSheet.html), [hofmannsven](https://gist.github.com/hofmannsven/9164408), [sqltutorial](http://www.sqltutorial.org/sql-cheat-sheet/)
- [SQlite Online](https://sqliteonline.com/)
- [What is the best way to learn SQL?](https://blog.bytebytego.com/p/ep99-what-is-the-best-way-to-learn#%C2%A7what-is-the-best-way-to-learn-sql)
- Databases
  - [SQlite](https://www.sqlite.org/index.html): [SQL](https://www.sqlite.org/lang.html), [Datatypes](https://www.sqlite.org/datatype3.html)
  - [MySQL](https://dev.mysql.com/doc/refman/5.7/en/sql-syntax.html): [Datatypes](https://www.tutorialspoint.com/mysql/mysql-data-types.htm), [Functions](https://www.w3schools.com/sql/sql_ref_mysql.asp), [Operators](https://www.w3schools.com/sql/sql_operators.asp)
  - [Oracle](https://docs.oracle.com/database/121/SQLRF/toc.htm)
- Ferramentas
  - DBeaver
