---
title: SQL
---

import CodePreview from '../../../../components/CodePreview.astro';

# { frontmatter.title }

**DICAS:**

- Structured Query Language (SQL:2023 ou ISO/IEC 9075:2023)
- Os comandos não são *case sensitive*
- Os nomes são *case sensitive*
- Não esqueça do `;` nos comandos
- Em caso de erro tente interpretar a mensagem de erro

## Sintaxe

- Data Definition Language (DDL): `DATABASE`, `TABLE`, `CONSTRAINTS`, `VIEW`, `INDEX`
  - `CREATE`
  - `DELETE` (`DROP`)
  - `UPDATE`
  - `RENAME`
- Data Manipulation Language (DML)
  - `INSERT`
  - `UPDATE`
  - `DELETE`
- Data Query Language (DQL):
  - `SELECT`
    - FROM (JOIN, INNER JOIN, LEFT JOIN, RIGHT JOIN, FULL OUTER JOIN, CROSS JOIN)
    - WHERE
    - GROUP BY
    - HAVING
    - ORDER BY (ASC, DESC)
- Data Control Language (DCL):
  - `GRANT`
  - `REVOKE`
- Transaction Control Language (TCL):
  - `START` (`BEGIN`)
  - `TRANSACTION`
  - `COMMIT`
  - `ROLLBACK`
- Operators
  - Comparison: `>`, `>=`, `<`, `<=`,`=` ,`!=` , `<>`
  - Logical: `AND`, `OR`, `NOT`
  - `IN`, `BETWEEN`, `LIKE`, `REGEXP`, `IS NULL`, `CASE`
- Functions
  - Aggregate: `MAX`, `MIN`, `AVG`, `SUM`, `COUNT`
  - Numeric: `ROUND`, `CEILING`, `CEIL`, `FLOOR`, `ABS`, `RAND`
  - String: `LENGTH`, `UPPER`, `LOWER`, `LTRIM`, `RTRIM`, `TRIM`, `LEFT`, `RIGHT`, `SUBSTRING`, `LOCATE`, `REPLACE`, `CONCAT`, `CONCAT`,
  - Dates and Time: `NOW`, `CURDATE`, `CURTIME`, `YEAR`, `MONTH`, `DAY`, `HOUR`, `MINUTE`, `SECOND`, `DAYNAME`, `MONTHNAME`, `EXTRACT`, `DATE_FORMAT`, `TIME_FORMAT`, `DATE_ADD`, `DATE_SUB`, `DATEDIFF`, `TIME_TO_SEC`
  - `IF`, `IFNULL`, `COALESCE`
- Stored Procedures
- Triggers
- Views
- Indice

## Dataset

| name               | address      | transmitted | received | time                |
| ------------------ | ------------ | ----------- | -------- | ------------------- |
| portal.ifrn.edu.br | 10.0.0.100   | 4           | 4        | 2023-02-16 13:41:49 |
| portal.ifrn.edu.br | 10.0.0.100   | 8           | 4        | 2023-02-16 13:41:49 |
| portal.ifrn.edu.br | 10.0.0.100   | 4           | 3        | 2023-02-16 13:41:49 |
| ...                | ...          | ...         | ...      | ...                 |
| www.ifpb.edu.br    | 200.10.10.12 | 5           | 5        | 2023-02-18 13:41:49 |

**Questões**

1. Quantos pacotes foram recebidos?
2. Qual é a média de pacotes perdidos?
3. Qual é a porcentagem de pacotes recebidos do IFPB?
4. Qual é a porcentagem de pacotes perdidos do IFPB no dia 05/03/2024 entre 09:00 até 18:00?

## DDL

### Database

```bash
mysql> SHOW DATABASES;
+--------------------+
| Database           |
+--------------------+
| information_schema |
| mysql              |
| performance_schema |
+--------------------+
3 rows in set (0.00 sec)
```

```bash
mysql> CREATE DATABASE monitor_db;
Query OK, 1 row affected (0.00 sec)

mysql> SHOW DATABASES;
+--------------------+
| Database           |
+--------------------+
| information_schema |
| monitor_db         |
| mysql              |
| performance_schema |
+--------------------+
4 rows in set (0.00 sec)
```

```bash
mysql> DROP DATABASE monitor_db;
Query OK, 0 rows affected (0.00 sec)

mysql> SHOW DATABASES;
+--------------------+
| Database           |
+--------------------+
| information_schema |
| mysql              |
| performance_schema |
+--------------------+
3 rows in set (0.00 sec)
```

### Table

```bash
mysql> USE monitor_db;
Database changed

mysql> SELECT DATABASE();
+------------+
| DATABASE() |
+------------+
| monitor_db |
+------------+
1 row in set (0.00 sec)
```

```bash
mysql> SHOW TABLES;
Empty set (0.00 sec)
```

```bash
mysql> CREATE TABLE host (
    ->   id int NOT NULL PRIMARY KEY AUTO_INCREMENT,
    ->   name varchar(100) NOT NULL,
    ->   address varchar(100) NOT NULL
    -> );
Query OK, 0 rows affected (0.00 sec)

mysql> SHOW TABLES;
+----------------------+
| Tables_in_monitor_db |
+----------------------+
| host                 |
+----------------------+
1 row in set (0.00 sec)
```

![erd diagram](/dw/imgs/database/sql/monitor-db-hosts.png)

```bash
mysql> DESCRIBE host;
+---------+--------------+------+-----+---------+----------------+
| Field   | Type         | Null | Key | Default | Extra          |
+---------+--------------+------+-----+---------+----------------+
| id      | int          | NO   | PRI | NULL    | auto_increment |
| name    | varchar(100) | NO   |     | NULL    |                |
| address | varchar(100) | NO   |     | NULL    |                |
+---------+--------------+------+-----+---------+----------------+
3 rows in set (0.00 sec)
```

```bash
mysql> DROP TABLE host;
Query OK, 0 rows affected (0.00 sec)

mysql> SHOW TABLES;
+----------------------+
| Tables_in_monitor_db |
+----------------------+
| host                 |
+----------------------+
1 row in set (0.01 sec)
```

```bash
mysql> RENAME TABLE host TO hosts;
Query OK, 0 rows affected (0.00 sec)

mysql> SHOW TABLES;
+----------------------+
| Tables_in_monitor_db |
+----------------------+
| hosts                |
+----------------------+
1 row in set (0.01 sec)
```

```bash
mysql> DESCRIBE hosts;
+---------+--------------+------+-----+---------+----------------+
| Field   | Type         | Null | Key | Default | Extra          |
+---------+--------------+------+-----+---------+----------------+
| id      | int          | NO   | PRI | NULL    | auto_increment |
| name    | varchar(100) | NO   |     | NULL    |                |
| address | varchar(100) | NO   |     | NULL    |                |
+---------+--------------+------+-----+---------+----------------+

mysql> ALTER TABLE hosts ADD COLUMN mask varchar(100);
Query OK, 0 rows affected (0.01 sec)
Records: 0  Duplicates: 0  Warnings: 0

mysql> DESCRIBE hosts;
+---------+--------------+------+-----+---------+----------------+
| Field   | Type         | Null | Key | Default | Extra          |
+---------+--------------+------+-----+---------+----------------+
| id      | int          | NO   | PRI | NULL    | auto_increment |
| name    | varchar(100) | NO   |     | NULL    |                |
| address | varchar(100) | NO   |     | NULL    |                |
| mask    | varchar(100) | YES  |     | NULL    |                |
+---------+--------------+------+-----+---------+----------------+
4 rows in set (0.00 sec)
```

```bash
mysql> ALTER TABLE hosts DROP COLUMN mask;
Query OK, 0 rows affected (0.01 sec)
Records: 0  Duplicates: 0  Warnings: 0

mysql> DESCRIBE hosts;
+---------+--------------+------+-----+---------+----------------+
| Field   | Type         | Null | Key | Default | Extra          |
+---------+--------------+------+-----+---------+----------------+
| id      | int          | NO   | PRI | NULL    | auto_increment |
| name    | varchar(100) | NO   |     | NULL    |                |
| address | varchar(100) | NO   |     | NULL    |                |
+---------+--------------+------+-----+---------+----------------+
3 rows in set (0.00 sec)
```

## DML & DQL

### INSERT

```bash
mysql> INSERT INTO hosts
    -> VALUES (1, 'www.ifpb.edu.br', '200.10.10.10');
Query OK, 1 row affected (0.01 sec)
```

```bash
mysql> INSERT INTO hosts
    ->   (name, address)
    -> VALUES
    ->   ('www.ifrn.edu.br', '200.10.10.11'),
    ->   ('www.ifpb.edu.br', '200.10.10.12');
Query OK, 2 rows affected (0.01 sec)
Records: 2  Duplicates: 0  Warnings: 0
```

### SELECT

```bash
mysql> SELECT * FROM hosts;
+----+-----------------+--------------+
| id | name            | address      |
+----+-----------------+--------------+
|  1 | www.ifpb.edu.br | 200.10.10.10 |
|  2 | www.ifrn.edu.br | 200.10.10.11 |
|  3 | www.ifpb.edu.br | 200.10.10.12 |
+----+-----------------+--------------+
3 rows in set (0.00 sec)
```

```bash
mysql> SELECT name, address FROM hosts;
+-----------------+--------------+
| name            | address      |
+-----------------+--------------+
| www.ifpb.edu.br | 200.10.10.10 |
| www.ifrn.edu.br | 200.10.10.11 |
| www.ifpb.edu.br | 200.10.10.12 |
+-----------------+--------------+
3 rows in set (0.00 sec)
```

ORDER BY

```bash
mysql> SELECT
    ->   name, address
    -> FROM
    ->   hosts
    -> ORDER BY
    ->   name;
+-----------------+--------------+
| name            | address      |
+-----------------+--------------+
| www.ifpb.edu.br | 200.10.10.10 |
| www.ifpb.edu.br | 200.10.10.12 |
| www.ifrn.edu.br | 200.10.10.11 |
+-----------------+--------------+
3 rows in set (0.01 sec)
```

WHERE

```bash
mysql> SELECT
    ->   name, address
    -> FROM
    ->   hosts
    -> WHERE
    ->   id = 1;
+-----------------+--------------+
| name            | address      |
+-----------------+--------------+
| www.ifpb.edu.br | 200.10.10.10 |
+-----------------+--------------+
1 row in set (0.00 sec)
```

LIKE

```bash
mysql> SELECT
    ->   name, address
    -> FROM
    ->   hosts
    -> WHERE
    ->   name LIKE '%ifpb%'
    ->   AND address LIKE '200.%.%.%';
+-----------------+--------------+
| name            | address      |
+-----------------+--------------+
| www.ifpb.edu.br | 200.10.10.10 |
| www.ifpb.edu.br | 200.10.10.12 |
+-----------------+--------------+
2 rows in set (0.00 sec)
```

LIMIT

```bash
mysql> SELECT
    ->   *
    -> FROM
    ->   hosts
    -> LIMIT
    ->   2;
+----+-----------------+--------------+
| id | name            | address      |
+----+-----------------+--------------+
|  1 | www.ifpb.edu.br | 200.10.10.10 |
|  2 | www.ifrn.edu.br | 200.10.10.11 |
+----+-----------------+--------------+
2 rows in set (0.00 sec)
```

OFFSET

```bash
mysql> SELECT
    ->   *
    -> FROM
    ->   hosts
    -> LIMIT
    ->   2
    -> OFFSET
    ->   1;
+----+-----------------+--------------+
| id | name            | address      |
+----+-----------------+--------------+
|  2 | www.ifrn.edu.br | 200.10.10.11 |
|  3 | www.ifpb.edu.br | 200.10.10.12 |
+----+-----------------+--------------+
2 rows in set (0.00 sec)
```

COUNT()

```bash
mysql> SELECT
    ->   COUNT(*) AS total
    -> FROM
    ->   hosts;
+-------+
| total |
+-------+
|     3 |
+-------+
1 row in set (0.00 sec)
```

### UPDATE

```bash
mysql> UPDATE
    ->   hosts
    -> SET
    ->   address = '10.0.0.10'
    -> WHERE
    ->   id = 2;
Query OK, 1 row affected (0.01 sec)
Rows matched: 1  Changed: 1  Warnings: 0

mysql> SELECT * FROM hosts
    WHERE id = 2;
+----+-----------------+-----------+
| id | name            | address   |
+----+-----------------+-----------+
|  2 | www.ifrn.edu.br | 10.0.0.10 |
+----+-----------------+-----------+
1 row in set (0.00 sec)
```

```bash
mysql> UPDATE
    ->   hosts
    -> SET
    ->   name = 'portal.ifrn.edu.br',
    ->   address = '10.0.0.100'
    -> WHERE
    ->   id = 2;
Query OK, 1 row affected (0.01 sec)
Rows matched: 1  Changed: 1  Warnings: 0

mysql> SELECT
    ->   name, address
    -> FROM
    ->   hosts
    -> WHERE
    ->   id = 2;
+----+--------------------+------------+
| id | name               | address    |
+----+--------------------+------------+
|  2 | portal.ifrn.edu.br | 10.0.0.100 |
+----+--------------------+------------+
```

### DELETE

```bash
mysql> SELECT * FROM hosts;
+----+-----------------+--------------+
| id | name            | address      |
+----+-----------------+--------------+
|  1 | www.ifpb.edu.br | 200.10.10.10 |
+----+-----------------+--------------+

mysql> DELETE FROM
    ->   hosts
    -> WHERE
    ->   id = 1;
Query OK, 1 row affected (0.01 sec)

mysql> SELECT
    ->   name, address
    -> FROM
    ->   hosts
    -> WHERE
    ->   id = 1;
Empty set (0.00 sec)
```

**DICA:** Muito cuidado com o `DELETE` e `UPDATE` sem o `WHERE`!

## Database Relationships

###  1:1

Modelo Lógico

![erd diagram](/dw/imgs/database/sql/monitor-db-relations-1-1-logical-model.png)

Modelo Físico

![erd diagram](/dw/imgs/database/sql/monitor-db-relations-1-1-physical-model.png)

```bash
mysql> CREATE TABLE pings (
    ->   id int NOT NULL PRIMARY KEY AUTO_INCREMENT,
    ->   created_at datetime NOT NULL DEFAULT CURRENT_TIMESTAMP
    -> );
Query OK, 0 rows affected (0.02 sec)

mysql> DESCRIBE pings;
+------------+----------+------+-----+-------------------+-------------------+
| Field      | Type     | Null | Key | Default           | Extra             |
+------------+----------+------+-----+-------------------+-------------------+
| id         | int      | NO   | PRI | NULL              | auto_increment    |
| created_at | datetime | NO   |     | CURRENT_TIMESTAMP | DEFAULT_GENERATED |
+-----------+----------+------+-----+-------------------+-------------------+
2 rows in set (0.01 sec)

mysql> CREATE TABLE stats (
    ->   id int NOT NULL PRIMARY KEY AUTO_INCREMENT,
    ->   transmitted int NOT NULL,
    ->   received int NOT NULL,
    ->   time float NOT NULL,
    ->   ping_id int NOT NULL REFERENCES pings (id) ON DELETE CASCADE ON UPDATE CASCADE
    -> );
Query OK, 0 rows affected (0.02 sec)

mysql> DESCRIBE stats;
+-------------+-------+------+-----+---------+----------------+
| Field       | Type  | Null | Key | Default | Extra          |
+-------------+-------+------+-----+---------+----------------+
| id          | int   | NO   | PRI | NULL    | auto_increment |
| transmitted | int   | NO   |     | NULL    |                |
| received    | int   | NO   |     | NULL    |                |
| time        | float | NO   |     | NULL    |                |
| ping_id     | int   | NO   |     | NULL    |                |
+-------------+-------+------+-----+---------+----------------+
5 rows in set (0.00 sec)
```

###  1:N

Modelo Lógico

![erd diagram](/dw/imgs/database/sql/monitor-db-relations-1-n-logical-model.png)

Modelo Físico

![erd diagram](/dw/imgs/database/sql/monitor-db-relations-1-n-physical-model.png)

```bash
mysql> CREATE TABLE icmps (
    ->   id int NOT NULL PRIMARY KEY AUTO_INCREMENT,
    ->   seq int NOT NULL,
    ->   ttl int NOT NULL,
    ->   time float NOT NULL,
    ->   ping_id int NOT NULL REFERENCES pings (id) ON DELETE CASCADE ON UPDATE CASCADE
    -> );
Query OK, 0 rows affected (0.02 sec)

mysql> DESCRIBE icmps;
+---------+-------+------+-----+---------+----------------+
| Field   | Type  | Null | Key | Default | Extra          |
+---------+-------+------+-----+---------+----------------+
| id      | int   | NO   | PRI | NULL    | auto_increment |
| seq     | int   | NO   |     | NULL    |                |
| ttl     | int   | NO   |     | NULL    |                |
| time    | float | NO   |     | NULL    |                |
| ping_id | int   | NO   |     | NULL    |                |
+---------+-------+------+-----+---------+----------------+
5 rows in set (0.00 sec)

mysql> CREATE TABLE users (
    ->   id int NOT NULL PRIMARY KEY AUTO_INCREMENT,
    ->   name varchar(100) NOT NULL,
    ->   email varchar(100) UNIQUE,
    ->   password varchar(30) NOT NULL
    -> );
Query OK, 0 rows affected (0.02 sec)

mysql> DESCRIBE users;
+----------+--------------+------+-----+---------+----------------+
| Field    | Type         | Null | Key | Default | Extra          |
+----------+--------------+------+-----+---------+----------------+
| id       | int          | NO   | PRI | NULL    | auto_increment |
| name     | varchar(100) | NO   |     | NULL    |                |
| password | varchar(30)  | NO   |     | NULL    |                |
| email    | varchar(100) | YES  | UNI | NULL    |                |
+----------+--------------+------+-----+---------+----------------+4 rows in set (0.00 sec)

mysql> ALTER TABLE pings ADD COLUMN host_id int NOT NULL REFERENCES hosts (id) ON DELETE CASCADE ON UPDATE CASCADE;
Query OK, 0 rows affected (0.16 sec)
Records: 0  Duplicates: 0  Warnings: 0

mysql> ALTER TABLE pings ADD COLUMN user_id int NOT NULL REFERENCES users (id) ON DELETE CASCADE ON UPDATE CASCADE;
Query OK, 0 rows affected (0.16 sec)
Records: 0  Duplicates: 0  Warnings: 0

mysql> DESCRIBE pings;
+------------+----------+------+-----+-------------------+-------------------+
| Field      | Type     | Null | Key | Default           | Extra             |
+------------+----------+------+-----+-------------------+-------------------+
| id         | int      | NO   | PRI | NULL              | auto_increment    |
| host_id    | int      | NO   |     | NULL              |                   |
| user_id    | int      | NO   |     | NULL              |                   |
| created_at | datetime | NO   |     | CURRENT_TIMESTAMP | DEFAULT_GENERATED |
+-----------+----------+------+-----+-------------------+-------------------+
4 rows in set (0.01 sec)

mysql> INSERT INTO
    ->   users (name, email, password)
    -> VALUES
    ->   ('Alice', 'alice@email.com', 'secret'),
    ->   ('Bob', 'bob@email.com', 'secret');
Query OK, 2 rows affected (0.01 sec)
Records: 2  Duplicates: 0  Warnings: 0

mysql> INSERT INTO
    ->   pings (host_id, user_id)
    -> VALUES
    ->   (1, 1),
    ->   (2, 1),
    ->   (1, 1);
Query OK, 2 rows affected (0.01 sec)
Records: 2  Duplicates: 0  Warnings: 0

mysql> INSERT INTO
    ->   icmps (seq, ttl, time, ping_id)
    -> VALUES
    ->   (1, 54, 74.7, 1),
    ->   (2, 54, 74.0, 1),
    ->   (3, 54, 72.5, 1),
    ->   (1, 54, 43.5, 2),
    ->   (2, 54, 44.6, 2),
    ->   (1, 54, 70.0, 3),
    ->   (2, 54, 80.0, 3),
    ->   (3, 54, 100.0, 3);
Query OK, 5 rows affected (0.01 sec)
Records: 5  Duplicates: 0  Warnings: 0

mysql> INSERT INTO
    ->   stats (transmitted, received, time, ping_id)
    -> VALUES
    ->   (4, 3, 221.2, 1),
    ->   (2, 2, 88.1, 2)
    ->   (3, 3, 250.0, 1);
Query OK, 2 rows affected (0.02 sec)
Records: 2  Duplicates: 0  Warnings: 0

mysql> SELECT
    ->   *
    -> FROM
    ->   pings
    -> INNER JOIN
    ->   stats;
+----+---------+---------+---------------------+----+-------------+----------+-------+---------+
| id | host_id | user_id | created_at          | id | transmitted | received | time  | ping_id |
+----+---------+---------+---------------------+----+-------------+----------+-------+---------+
|  3 |       1 |       2 | 2024-03-05 01:49:36 |  1 |           4 |        3 | 221.2 |       1 |
|  2 |       2 |       1 | 2024-03-05 00:54:50 |  1 |           4 |        3 | 221.2 |       1 |
|  1 |       1 |       1 | 2024-03-05 00:54:50 |  1 |           4 |        3 | 221.2 |       1 |
|  3 |       1 |       2 | 2024-03-05 01:49:36 |  2 |           2 |        2 |  88.1 |       2 |
|  2 |       2 |       1 | 2024-03-05 00:54:50 |  2 |           2 |        2 |  88.1 |       2 |
|  1 |       1 |       1 | 2024-03-05 00:54:50 |  2 |           2 |        2 |  88.1 |       2 |
|  3 |       1 |       2 | 2024-03-05 01:49:36 |  3 |           3 |        3 |   250 |       1 |
|  2 |       2 |       1 | 2024-03-05 00:54:50 |  3 |           3 |        3 |   250 |       1 |
|  1 |       1 |       1 | 2024-03-05 00:54:50 |  3 |           3 |        3 |   250 |       1 |
+----+---------+---------+---------------------+----+-------------+----------+-------+---------+
9 rows in set (0.00 sec)

mysql> SELECT
    ->   *
    -> FROM
    ->   pings p
    -> INNER JOIN
    ->   stats s
    -> ON
    ->   s.ping_id = p.id;
+----+---------+---------+---------------------+----+-------------+----------+-------+---------+
| id | host_id | user_id | created_at          | id | transmitted | received | time  | ping_id |
+----+---------+---------+---------------------+----+-------------+----------+-------+---------+
|  1 |       1 |       1 | 2024-03-05 00:54:50 |  1 |           4 |        3 | 221.2 |       1 |
|  2 |       2 |       1 | 2024-03-05 00:54:50 |  2 |           2 |        2 |  88.1 |       2 |
|  1 |       1 |       1 | 2024-03-05 00:54:50 |  3 |           3 |        3 |   250 |       1 |
+----+---------+---------+---------------------+----+-------------+----------+-------+---------+
3 rows in set (0.00 sec)

mysql> SELECT
    ->   *
    -> FROM
    ->   pings p
    -> INNER JOIN
    ->   icmps i
    -> ON
    ->   i.ping_id = p.id;
+----+---------+---------+---------------------+----+-----+-----+------+---------+
| id | host_id | user_id | created_at          | id | seq | ttl | time | ping_id |
+----+---------+---------+---------------------+----+-----+-----+------+---------+
|  1 |       1 |       1 | 2024-03-05 00:54:50 |  1 |   1 |  54 | 74.7 |       1 |
|  1 |       1 |       1 | 2024-03-05 00:54:50 |  2 |   2 |  54 |   74 |       1 |
|  1 |       1 |       1 | 2024-03-05 00:54:50 |  3 |   3 |  54 | 72.5 |       1 |
|  2 |       2 |       1 | 2024-03-05 00:54:50 |  4 |   1 |  54 | 43.5 |       2 |
|  2 |       2 |       1 | 2024-03-05 00:54:50 |  5 |   2 |  54 | 44.6 |       2 |
|  3 |       1 |       2 | 2024-03-05 01:49:36 |  6 |   1 |  54 |   70 |       3 |
|  3 |       1 |       2 | 2024-03-05 01:49:36 |  7 |   2 |  54 |   80 |       3 |
|  3 |       1 |       2 | 2024-03-05 01:49:36 |  8 |   3 |  54 |  100 |       3 |
+----+---------+---------+---------------------+----+-----+-----+------+---------+
8 rows in set (0.00 sec)

mysql> SELECT
    ->   *
    -> FROM
    ->   pings p
    -> INNER JOIN
    ->   users u
    -> ON
    ->   p.user_id = u.id;
+----+---------+---------+---------------------+----+-------+----------+-----------------+
| id | host_id | user_id | created_at          | id | name  | password | email           |
+----+---------+---------+---------------------+----+-------+----------+-----------------+
|  1 |       1 |       1 | 2024-03-05 00:54:50 |  1 | Alice | secret   | alice@email.com |
|  2 |       2 |       1 | 2024-03-05 00:54:50 |  1 | Alice | secret   | alice@email.com |
|  3 |       1 |       2 | 2024-03-05 01:49:36 |  2 | Bob   | secret   | bob@email.com   |
+----+---------+---------+---------------------+----+-------+----------+-----------------+
3 rows in set (0.00 sec)

mysql> SELECT
    ->   *
    -> FROM
    ->   pings p
    -> INNER JOIN
    ->   hosts h
    -> ON
    ->   p.host_id = h.id;
+----+---------+---------+---------------------+----+-----------------+--------------+
| id | host_id | user_id | created_at          | id | name            | address      |
+----+---------+---------+---------------------+----+-----------------+--------------+
|  1 |       1 |       1 | 2024-03-05 00:54:50 |  1 | www.ifpb.edu.br | 200.10.10.10 |
|  2 |       2 |       1 | 2024-03-05 00:54:50 |  2 | www.ifrn.edu.br | 200.10.10.11 |
|  3 |       1 |       2 | 2024-03-05 01:49:36 |  1 | www.ifpb.edu.br | 200.10.10.10 |
+----+---------+---------+---------------------+----+-----------------+--------------+
3 rows in set (0.00 sec)

mysql> SELECT
    ->   h.name,
    ->   p.created_at,
    ->   s.transmitted,
    ->   s.received
    -> FROM
    ->   hosts h
    -> INNER JOIN
    ->   pings p ON p.host_id = h.id
    -> INNER JOIN
    ->   stats s ON s.ping_id = p.id
    -> ORDER BY
    ->   h.name;
+-----------------+---------------------+-------------+----------+
| name            | created_at          | transmitted | received |
+-----------------+---------------------+-------------+----------+
| www.ifpb.edu.br | 2024-03-05 00:54:50 |           4 |        3 |
| www.ifpb.edu.br | 2024-03-05 00:54:50 |           3 |        3 |
| www.ifrn.edu.br | 2024-03-05 00:54:50 |           2 |        2 |
+-----------------+---------------------+-------------+----------+
3 rows in set (0.00 sec)
```

###  N:M

Modelo Lógico

![erd diagram](/dw/imgs/database/sql/monitor-db-relations-n-m-logical-model.png)

Modelo Físico

![erd diagram](/dw/imgs/database/sql/monitor-db-relations-n-m-physical-model.png)

```bash
mysql> CREATE TABLE tags (
    ->   id int NOT NULL PRIMARY KEY AUTO_INCREMENT,
    ->   name varchar(100) NOT NULL
    -> );
Query OK, 0 rows affected (0.02 sec)

mysql> DESCRIBE tags;
+-------+--------------+------+-----+---------+----------------+
| Field | Type         | Null | Key | Default | Extra          |
+-------+--------------+------+-----+---------+----------------+
| id    | int          | NO   | PRI | NULL    | auto_increment |
| name  | varchar(100) | NO   |     | NULL    |                |
+-------+--------------+------+-----+---------+----------------+
2 rows in set (0.00 sec)

mysql> CREATE TABLE tag_hosts (
    ->   id int NOT NULL PRIMARY KEY AUTO_INCREMENT,
    ->   host_id int NOT NULL REFERENCES hosts (id) ON DELETE CASCADE ON UPDATE CASCADE,
    ->   tag_id int NOT NULL REFERENCES tags (id) ON DELETE CASCADE ON UPDATE CASCADE
    -> );
Query OK, 0 rows affected (0.02 sec)

mysql> DESCRIBE tag_hosts;
+---------+------+------+-----+---------+----------------+
| Field   | Type | Null | Key | Default | Extra          |
+---------+------+------+-----+---------+----------------+
| id      | int  | NO   | PRI | NULL    | auto_increment |
| host_id | int  | NO   |     | NULL    |                |
| tag_id  | int  | NO   |     | NULL    |                |
+---------+------+------+-----+---------+----------------+
3 rows in set (0.00 sec)

mysql> INSERT INTO
    ->   tags (name)
    -> VALUES
    ->   ('Portal'),
    ->   ('Educacional');
Query OK, 2 rows affected (0.02 sec)
Records: 2  Duplicates: 0  Warnings: 0

mysql> INSERT INTO
    ->   tag_hosts (tag_id, host_id)
    -> VALUES
    ->   (1, 1),
    ->   (1, 2),
    ->   (2, 1),
    ->   (2, 2);
Query OK, 4 rows affected (0.01 sec)
Records: 4  Duplicates: 0  Warnings: 0

mysql> SELECT
    ->   h.name,
    ->   t.name
    -> FROM
    ->   hosts h
    -> INNER JOIN
    ->   tag_hosts th ON th.host_id = h.id
    -> INNER JOIN
    ->   tags t ON t.id = th.tag_id
    -> ORDER BY
    ->   h.name;
+-----------------+-------------+
| name            | name        |
+-----------------+-------------+
| www.ifpb.edu.br | Portal      |
| www.ifpb.edu.br | Educacional |
| www.ifrn.edu.br | Portal      |
| www.ifrn.edu.br | Educacional |
+-----------------+-------------+
4 rows in set (0.00 sec)
```

###  Relacionamentos

Modelo Lógico

![erd diagram](/dw/imgs/database/sql/monitor-db-relations-logical-model.png)

Modelo Físico

![erd diagram](/dw/imgs/database/sql/monitor-db-relations-physical-model.png)

## Questões do Dataset

Quantos pacotes foram recebidos? **8**

```bash
mysql> SELECT
    ->   sum(s.transmitted) AS transmitted,
    ->   sum(s.received) AS received,
    ->   sum(s.transmitted - s.received) AS losted
    -> FROM
    ->   hosts h
    -> INNER JOIN
    ->   pings p ON h.id = p.host_id
    -> INNER JOIN
    ->   stats s ON p.id = s.ping_id;
+-------------+----------+--------+
| transmitted | received | losted |
+-------------+----------+--------+
|           9 |        8 |      1 |
+-------------+----------+--------+
1 row in set (0.00 sec)
```

Qual é a média de pacotes perdidos? **0,3**

```bash
mysql> SELECT
    ->   avg(s.transmitted) AS transmited,
    ->   avg(s.received) AS received,
    ->   avg(s.transmitted - s.received) AS losted
    -> FROM
    ->   hosts h
    -> INNER JOIN
    ->   pings p ON h.id = p.host_id
    -> INNER JOIN
    ->   stats s ON p.id = s.ping_id;
+------------+----------+--------+
| transmited | received | losted |
+------------+----------+--------+
|     3.0000 |   2.6667 | 0.3333 |
+------------+----------+--------+
1 row in set (0.00 sec)
```

Qual é a porcentagem de pacotes recebidos do IFPB? **85,7%**

```bash
mysql> SELECT
    ->   sum(s.transmitted) AS transmitted,
    ->   sum(s.received) AS received,
    ->   round(sum(s.received)/sum(s.transmitted), 3) AS losted
    -> FROM
    ->   hosts h
    -> INNER JOIN
    ->   pings p ON h.id = p.host_id
    -> INNER JOIN
    ->   stats s ON p.id = s.ping_id
    -> WHERE
    ->   h.name LIKE '%ifpb%';
+-------------+----------+--------+
| transmitted | received | losted |
+-------------+----------+--------+
|           7 |        6 |  0.857 |
+-------------+----------+--------+
1 row in set (0.00 sec)
```

Qual é a porcentagem de pacotes perdidos do IFPB no dia 05/03/2024 entre 00:00 até 06:00? **14,3%**

```bash
mysql> SELECT
    ->   1 - round(sum(s.received)/sum(s.transmitted), 3) AS losted
    -> FROM
    ->   hosts h
    -> INNER JOIN
    ->   pings p ON h.id = p.host_id
    -> INNER JOIN
    ->   stats s ON p.id = s.ping_id
    -> WHERE
    ->   h.name LIKE '%ifpb%' AND
    ->   p.created_at BETWEEN '2024-03-05 00:00:00' AND '2024-03-05 06:00:00';
+--------+
| losted |
+--------+
|  0.143 |
+--------+
1 row in set (0.00 sec)
```

```sql
p.created_at > '2024-03-05 00:00:00' AND p.created_at < '2024-03-05 06:00:00'
```

## Backup

```bash
$ docker compose exec mysql mysqldump -u root -p monitor_db > database.sql
```

<CodePreview src = "/codes/database/mysql-server/database.sql" />

## Referências

- [SQL Roadmap](https://roadmap.sh/sql)
- [SQL Complete Guide](https://github.com/vasudeveloper001/completesql/blob/main/sql_notes.md)
- [enochtangg/quick-SQL-cheatsheet](https://github.com/enochtangg/quick-SQL-cheatsheet)
- SQL Tutorial: [W3Schools](https://www.w3schools.com/sql/default.asp) e [TutorialsPoint](https://www.tutorialspoint.com/sql/index.htm)
- SQL cheat sheet: [Websitesetup](https://websitesetup.org/sql-cheat-sheet/), [ZeroTurnaround](https://zeroturnaround.com/rebellabs/sql-cheat-sheet/), [cse.unl.edu](http://cse.unl.edu/~sscott/ShowFiles/SQL/CheatSheet/SQLCheatSheet.html), [hofmannsven](https://gist.github.com/hofmannsven/9164408), [sqltutorial](http://www.sqltutorial.org/sql-cheat-sheet/)
- [SQlite Online](https://sqliteonline.com/)
- [What is the best way to learn SQL?](https://blog.bytebytego.com/p/ep99-what-is-the-best-way-to-learn#%C2%A7what-is-the-best-way-to-learn-sql)
- Databases
  - [SQlite](https://www.sqlite.org/index.html): [SQL](https://www.sqlite.org/lang.html), [Datatypes](https://www.sqlite.org/datatype3.html)
  - [MySQL](https://dev.mysql.com/doc/refman/5.7/en/sql-syntax.html): [Datatypes](https://www.tutorialspoint.com/mysql/mysql-data-types.htm), [Functions](https://www.w3schools.com/sql/sql_ref_mysql.asp), [Operators](https://www.w3schools.com/sql/sql_operators.asp)
  - [Oracle](https://docs.oracle.com/database/121/SQLRF/toc.htm)
- Ferramentas
  - DBeaver
